title	total_pv	avg_pv
Donald Trump	892400704	113580.33651520936
Al Gore	18399444	2068.747919946031
Claudia Sheinbaum	7340519	2858.4575545171338
David Attenborough	30817299	3689.8107040229884
Antarctica	21995537	2479.2084084761045
Climate change	18109189	2091.855030611066
Cattle	15183736	1755.7511563367252
Greta Thunberg	25531450	10563.28092676872
Woolly mouse	231083	1763.9923664122136
Don't Look Up	7237558	3508.2685409597675
Polar bear	13578931	1566.7394715587861
Köppen climate classification	9864162	1262.6935483870968
Sustainable Development Goals	13347060	2952.8893805309735
Generative artificial intelligence	2696097	3164.4330985915494
Car	19589945	2263.163701478743
Blast furnace	3307843	413.32537798325626
Hydrogen	17962621	2020.769602879964
Waterworld	6945427	897.4579403023646
Saudi Aramco	8371914	1044.9218671992012
Petroleum	10952330	1260.9175685010362
Rice	12617820	1477.6695163368076
Nitrous oxide	9798540	1147.5043916149432
Ammonia	12211475	1408.9621553017191
Teal independents	460002	391.824531516184
Lithium-ion battery	10701404	1313.7004664866192
Atmosphere of Earth	11150499	1369.3355028859144
Tree	11018544	1264.4645398209777
African humid period	975650	405.3385957623598
The Day After Tomorrow	8605784	1092.3818227976644
Cheese	10591639	1223.1942487585172
Agriculture	13793232	1594.7776621574749
Carbon dioxide	12929164	1477.618742857143
Parable of the Sower (novel)	2688182	379.8476755687438
Whale	7305009	842.9504961920147
Hemp	9535822	1252.2418910045963
Ice age	8694290	996.1377176901925
Taiga	6350530	743.7088652066986
Paris Agreement	11433081	2153.1225988700567
Tropical cyclone	11093578	1291.9038080819844
Air pollution	14987623	1767.6168180209932
Coal	8263141	955.2764161849711
Sustainable development	11497184	1338.7498835584536
Lamb and mutton	6756820	835.0
Mohenjo-daro	9953181	1191.2843806104129
Great Reset	5365267	3159.756772673734
Natural disaster	11495988	1364.9950130610307
Gasoline	7381010	848.9774557165862
Air conditioning	8739746	1273.8297624253025
Holocene extinction	4963729	575.2380345347085
Yassamin Ansari	240048	266.72
Fusion Party (Australia)	183013	147.59112903225807
Bamboo	6928870	810.2046304957904
Renewable energy	10068331	1150.9294695930498
Volcanic winter of 536	1275408	158.02354107297734
Peat	4738284	569.6422216879057
Keystone Pipeline	6322975	956.5771558245083
Concrete	6993621	788.7245968196685
Joseph Stiglitz	2807610	334.4781987133667
Little Ice Age	5018831	585.7645891690009
El Niño–Southern Oscillation	1962686	246.1048275862069
Heating, ventilation, and air conditioning	3890224	461.4737841043891
Polyester	5962811	716.597884869607
Natural gas	8329221	975.4328375688019
Last Glacial Period	2096798	269.58061198251477
Tundra	6039296	694.3315704759715
Solar panel	7849660	1098.9304213915723
Kyoto Protocol	7099189	821.1901677270098
Greenhouse gas	11274148	1316.4581971041569
Beef	5649037	659.4719822554284
Carla Denyer	760726	366.61493975903613
Contrail	2515173	295.83309809456597
Revival of the woolly mammoth	510190	99.9001370667711
Sustainability	7266779	866.8470714541334
Environmental, social, and governance	727685	131.25631313131314
Nuclear power by country	2366050	339.4132836035002
Infection	5460568	637.6188696870621
Heat wave	2616958	326.792957042957
Bret Stephens	1965867	280.2376336421953
Tropics	4097366	488.7708457592747
Fossil fuel	6684801	786.6322664156272
Ed Markey	2708968	345.4435093088498
Biodiversity	9039275	1061.3214746976635
List of countries by carbon dioxide emissions per capita	2146770	290.4180194805195
Invasive species	3872671	462.13257756563246
Deforestation	7749505	878.3299331293211
Highest temperature recorded on Earth	3587480	991.5644002211167
2022 Brazilian general election	4799278	2177.5308529945555
Wildfire	4929482	584.4773535688878
Climate Pledge Arena	1802793	233.06955397543632
Truck	5376950	626.0274770054721
Glacier	4497542	515.1233535677471
Trump	3180360	1007.7186311787073
Cement	5784431	666.0254461715601
Laudato si'	1079550	292.40249187432283
Electric vehicle	4820082	600.7829988782252
Fracking	1735652	340.25720446971184
Ecocide	1444450	224.50264221324215
Heat pump	4788027	571.5
Green Revolution	6129528	732.5837217640732
Fertilizer	5353007	626.8892141936994
Liquefied natural gas	3486188	454.641105894627
Wera Hobhouse	419250	141.78221170104837
Hydroelectricity	5000684	578.7828703703703
European emission standards	3898268	539.2541153686541
Diatom	3917932	448.8923006416132
Inflation Reduction Act	1027796	949.9038817005545
Solarpunk	1329565	588.5635236830456
Forest	6493449	745.687758383096
Water cycle	7065279	867.011780586575
Flood	8650949	1020.279396155207
Steelmaking	1906896	233.34508076358296
Global catastrophic risk	2586340	348.0942126514132
Anthropocene	3761381	475.7628383506198
Ecosia	1915421	500.5019597596028
Greenhouse effect	8935339	1021.4150663008687
Cloud	4912379	577.7909903552105
Portland cement	3449870	404.0133505094273
Last Glacial Maximum	2261719	299.80368504772
Cost of electricity by source	3341235	578.4686634349031
Greenpeace	5502315	634.4188861985472
Precipitation	4909421	612.376325308719
Nuclear power in India	4005811	612.9779648048967
Albedo	3752063	435.52675565873477
Ethylene	3800973	439.4696496704821
Seaweed	3371242	396.1506462984724
List of California wildfires	3089116	477.59987631416203
Wetland	3716871	426.63808539944904
Ozone depletion	6486444	760.962458939465
An Inconvenient Truth	2818611	397.71567659094114
Boaty McBoatface	2646390	778.1211408409291
Sophia Kianni	236407	123.77329842931937
Livestock	3763883	442.2894242068155
Climate change denial	3453576	526.299298994209
United Nations Framework Convention on Climate Change	3670093	419.67901658090335
Gazprom	5663547	710.6081555834379
Permafrost	2665544	323.1745877788555
Solar power	6229524	960.6050886661527
Public transport	3146024	361.15532085868443
United Nations Climate Change Conference	320448	71.05277161862527
Infrastructure Investment and Jobs Act	886067	601.9476902173913
Green New Deal	4595237	839.9263388777189
Wind power	6228754	776.2654536390828
Green politics	1497936	183.25617812576462
Drought	5066444	593.3298981145333
Milankovitch cycles	3146993	398.00088529151384
Old-growth forest	1659652	218.9514511873351
Tokata Iron Eyes	1734150	967.7176339285714
Photovoltaics	3870696	500.6720993403182
Electricity generation	4344141	496.58676268861456
Solar energy	8129057	929.0350857142857
Snowball Earth	2200313	254.96095017381228
Environmentalism	2566988	348.3023066485753
Carbon footprint	4319394	591.6978082191781
Gaia hypothesis	3149266	368.2060095872793
Geothermal energy	4717242	568.2054926523729
Greenhouse gas emissions	1389524	206.68213595121225
Heat transfer	4339961	530.4278904913224
Green Revolution in India	4032817	624.2750773993808
Just Stop Oil	969109	816.435551811289
Irrigation	4665443	546.56080131209
Electricity sector in India	3662439	488.9771695594126
Carbon pricing in Canada	403532	169.12489522212908
Electrolysis of water	3516483	490.10216027874566
Electrical grid	2498535	411.1461247325983
Dairy farming	2267171	289.4014551953025
Hurricane Ida	2350920	1659.0825688073394
2019–20 Australian bushfire season	3924800	1893.294741919923
Environmental protection	3854895	487.7144483805668
Carbon dioxide in Earth's atmosphere	3336181	502.8913174555321
Carbon capture and storage	3396843	476.8168163952835
Joseph Fourier	1554564	186.86909484313017
Atlantic meridional overturning circulation	908634	129.73072529982866
Food security	4005012	493.531977818854
Disaster	5300634	613.641352164853
List of countries by carbon dioxide emissions	5019444	678.3032432432433
Desertification	2928177	342.9180231877269
Landslide	3814539	446.719639302026
Agriculture in India	4890780	709.8374455732946
Intergovernmental Panel on Climate Change	3218784	370.1027940669196
Sea level rise	3304256	384.93196644920783
Perovskite solar cell	1613102	408.0703263344295
Compressed natural gas	3417831	446.48347485303725
Greenwashing	1940687	243.65185185185186
Paddy field	2397736	308.0339157245632
Biofuel	4004877	489.95314411548816
Pollution of the Ganges	2636221	395.05784504720515
Cirrus cloud	1959203	230.44024935309338
Harmful algal bloom	700185	106.5730593607306
Earth Summit	2502984	314.2083856389656
2024 United Nations Climate Change Conference	627709	742.8508875739645
The Limits to Growth	1760473	210.0051294286055
Michael Shellenberger	1751278	273.3808929128942
Doomer	1817384	251.33231918130272
Peak oil	2496323	325.8056643174106
Sustainable energy	10834584	1429.176098140087
Petroleum industry	2393904	302.29877509786587
Paul VI Audience Hall	521341	78.90737097018314
Cultured meat	2471461	304.70484527185306
Aerosol	2792547	331.34159943046984
Oil spill	2861928	347.1107337780473
Sylvia Earle	3168573	405.1883631713555
Carbon tax	2013011	241.33928785517324
Biodiesel	3120234	381.72669439686814
Meadow	1300650	164.47268588770865
Effects of climate change	1468451	200.5532641354821
Battery electric vehicle	1848193	290.5050298648224
Urban heat island	2045123	237.22572787379653
Plastic pollution	4945635	1059.7032354831797
Climate 200	111643	81.49124087591241
Hazard	2675792	321.6096153846154
Stratospheric aerosol injection	674830	112.77239304812834
Human overpopulation	7098448	846.76702851008
Global warming potential	1615713	187.35076530612244
Hydrogen vehicle	3012477	368.5437974064106
Coal India	1863821	263.5493495475113
Global surface temperature	332781	72.09293760831889
Water resources	4470626	543.2769473812128
Farmer	3116530	370.00237445090823
Medieval Warm Period	1881938	219.64729225023342
Resource curse	1702844	228.6310418904404
Extinction Rebellion	2590237	1059.8351063829787
Carbon offsets and credits	421221	57.772733507063506
Canada and the Kyoto Protocol	237312	37.44863500078902
Refrigerant	2252576	290.20561710899256
Biochar	1846056	268.5562990980506
Slash-and-burn	1727538	214.78776575904513
Earth Hour	1820046	272.4619760479042
Carbon cycle	3426871	403.06645495177605
Transmission tower	1564412	204.01825769431403
Hydropower	2899740	335.1138333525945
Climate engineering	1470799	337.10726564290627
Oil well	1808619	221.83478474181283
2024 Spanish floods	234924	914.1011673151751
Engineered wood	2230959	278.0011214953271
List of countries by forest area	1418440	228.4122383252818
The Ministry for the Future	838407	481.01376936316694
Hydrogen production	1958359	280.48682325981093
Thomas Crowther (ecologist)	98728	40.18233618233618
Direct reduced iron	981041	135.87825484764542
Biogas	4869993	576.8766879886283
Scientific consensus on climate change	1299235	163.15898530704507
Ministry of Environment, Forest and Climate Change	1262493	182.73165436387322
Arable land	2109767	247.07424756997307
Climate change mitigation	2196455	299.98019666757716
Sierra Club	1527768	189.26759167492568
Clean Air Act (United States)	1771582	287.3612327656123
Global warming	107277856	59998.80089485458
Oil sands	1910884	238.8605
Agroforestry	1352556	181.332082048532
Beds Are Burning	1117250	154.35893893340702
Carbon sequestration	2037093	239.6016231474947
Timeline of glaciation	1231997	162.12620081589682
Coral bleaching	1523364	193.22222222222223
Electric power distribution	2382779	293.3373138003201
Great Green Wall (China)	288408	43.103870871319685
United States and the Paris Agreement	97237	32.80600539811066
Fridays for Future	125776	52.69208211143695
World energy supply and consumption	668409	99.06758559359716
Peatland	210962	46.23317992548762
Herder–farmer conflicts in Nigeria	393033	136.23327556325825
Rosneft	1515604	201.86521044219498
Koch network	161781	30.634538913084643
Photovoltaic system	2206750	346.7551854179761
Fuel	2980500	341.1354011674488
Ringed seal	847410	105.41236472198034
Dakota Access Pipeline protests	1973006	608.5768044417026
Net-zero emissions	77585	91.92535545023696
European Green Deal	827720	409.15472071181415
Electricity sector in China	879948	144.56185312962052
2025 United Nations Climate Change Conference	102275	165.76175040518638
Rolling coal	2296028	572.432809773124
Ethanol fuel	2427274	313.03507866907404
Isra Hirsi	1009071	436.0721694036301
Steam reforming	1305294	173.87691487944585
Plant-based diet	2297223	299.7811562051416
Ice sheet	787422	100.8739431206764
Habitat destruction	1619923	218.84936503647663
Water scarcity	3334117	522.4251018489501
Environmental degradation	2823179	368.4169385358215
Congestion pricing	772266	95.42394662053627
Geothermal power	1672992	256.31867626781064
Bharat stage emission standards	1300612	228.01753155680225
Regenerative agriculture	1060372	266.8945381323937
Coal-fired power station	811007	122.61974599334745
Levelized cost of electricity	438705	70.30528846153847
Steven Chu	1311295	181.5695098310717
Syngas	1588508	195.004664866192
Build Back Better Plan	800441	497.78669154228857
Cogeneration	2061132	268.20195185426155
Solar radiation modification	154292	25.481750619322874
Dairy	2122740	251.71824973319104
Subsistence agriculture	2040561	256.1587998995732
Shared Socioeconomic Pathways	413023	193.99859088774073
Green hydrogen	680608	341.15689223057643
Corporate average fuel economy	562789	71.76600357051773
Greenland ice sheet	1122617	148.73039215686273
Adam Met	40717	19.62265060240964
Representative Concentration Pathway	906296	182.24331389503317
China National Petroleum Corporation	1228654	169.51628035320087
Extreme weather	1225317	146.32397898256508
Runaway greenhouse effect	797738	111.6029658645775
Sustainable agriculture	2265292	279.1487369069624
Community-supported agriculture	1030171	127.67021935803693
Deforestation of the Amazon rainforest	1328272	217.07337800294167
Paleocene–Eocene Thermal Maximum	1004435	127.27255448555499
Ocean acidification	2036893	281.8838915029062
Heartland Institute	367592	50.52116547553601
State of Fear	818637	108.83235841531507
Climate variability and change	701058	82.45800988002823
Smallholding	558083	77.17922832250035
Seagrass	1080229	133.60902906617193
Late Antique Little Ice Age	352547	102.3952948010456
2022 United Kingdom heatwaves	142682	130.5416285452882
Hydrogen internal combustion engine vehicle	1166537	192.7523132848645
List of coal-fired power stations in the United States	389565	196.55146316851665
Pleistocene Park	581902	81.9234126425454
History of the petroleum industry	1213416	181.07983883002538
Hydrogen economy	1490150	195.147983237297
Flexible-fuel vehicle	1610788	218.82733324276592
Climate of Italy	975137	149.5379543014875
Biomass	4047098	4432.746987951808
Climate classification	590165	88.08432835820895
Youth Demand	20995	57.99723756906077
U.S. state and territory temperature extremes	839399	107.29886232902979
Thacker Pass lithium mine	60855	13.84641638225256
Climate of Antarctica	1699116	207.3609958506224
Heat recovery ventilation	1195422	157.29236842105263
Svante Arrhenius	1241489	144.91525621571145
Congolian rainforests	359987	51.11999431979551
Atmospheric circulation	1431580	182.3901133902408
Bill McKibben	699991	88.47206774519717
Biomass (energy)	290443	41.67044476327116
Bushfires in Australia	3408340	563.7347006285147
Autoclaved aerated concrete	1405547	193.84181492207972
Salt marsh	1163307	144.70792387112826
No-till farming	1224941	158.63001813001813
Manure	1857060	221.95051989960558
Insects as food	542717	99.78249678249678
Tonlé Sap	774190	96.6046917893686
2022 Pakistan floods	1021798	930.5992714025501
Ouarzazate Solar Power Station	549001	127.2898214699745
Kenneth Arrow	974550	114.85562757807897
Biodiversity loss	1143089	369.57290656320725
Radiant energy	1184614	151.5820857325656
Sod	1167057	152.1388345717638
Christiana Figueres	3202509	569.6387406616863
Global dimming	1094024	138.87077938563087
Thermal insulation	1663226	198.45197470468918
Steven Donziger	866608	208.87153530971318
Bjørn Lomborg	1008163	117.52891116810446
Indian rivers interlinking project	319233	44.90547193698129
Vaclav Smil	680867	119.93429628324819
Phase-out of fossil fuel vehicles	925141	326.5587716201906
Heavy industry	999920	134.6512254241853
Synthetic fuel	1123661	153.63152857533498
Lapse rate	1605285	198.1588692753981
Cape Town water crisis	1447725	488.2715008431703
Gro Harlem Brundtland	922780	107.75105091078935
Common ethanol fuel mixtures	1235646	168.87330873308733
Electric aircraft	1502969	217.41197743382034
Flow battery	1328559	184.9073068893528
Tipping points in the climate system	681958	108.14430700919759
8.2-kiloyear event	220794	33.7244539483733
Smart grid	2584847	396.6922958870473
James Lovelock	1359401	158.3460687245195
Gas flare	1149546	158.1653824986241
District heating	1467764	198.05208473890164
Oil and gas reserves and resource quantification	123247	105.51969178082192
Atmospheric river	987681	185.44517461509577
Planetary boundaries	1011999	175.3593831225091
Carbon emission trading	745209	116.93221402793033
Extraction of petroleum	1171776	172.11750881316098
Anti-nuclear movement	794474	110.3282877378142
Fallen Fruit (song)	48857	32.94470667565745
Food loss and waste	541605	79.32117750439367
Drax Power Station	435187	54.418782043266226
Wave power	1912426	248.85178919973976
Nicole Hernandez Hammer	807152	341.29048625792814
Climate of China	226806	34.979333744602094
Exhaust gas	1503485	196.1237933733368
List of countries by greenhouse gas emissions	1043568	190.2585232452142
Coal-seam fire	405294	53.19516996981231
Evapotranspiration	1305611	156.3231561302682
Energy conservation	2766361	354.02623496288714
List of parties to the Paris Agreement	928358	275.55891956070053
Aviation biofuel	623001	99.82390642525236
Agrivoltaics	246887	70.23812233285918
Photovoltaic power station	1014288	168.2906918865107
Effects of climate change on agriculture	411036	113.45183549544576
Induction heating	1513093	195.33862638781306
Protected area	1118072	134.44829244829245
Ecosystem service	703135	95.37913727618015
Piers Corbyn	1979008	295.5066447663133
Oil reserves in Venezuela	900448	146.1291788380396
2021 United Nations Climate Change Conference	1783456	765.1033891033891
Frequent-flyer program	1151554	143.03241833312632
Methane clathrate	1239259	146.72732654511012
Greenhouse and icehouse Earth	621013	95.90934362934362
Edward Norton Lorenz	620417	72.51250584385227
Petroleum industry in Canada	541319	76.36041754831429
Aridity	88968	11.438416045255849
Climate of South Africa	1261836	196.51705341847065
2020 Russia–Saudi Arabia oil price war	825871	423.30650948231676
Our Common Future	828790	112.60733695652173
Peridotite	853540	110.43343252684694
Hempcrete	868646	137.63999366186025
Renewable energy in China	795234	122.47558909594949
Carbon sink	1261926	144.2201142857143
Free public transport	683957	103.0210875131797
History of climate change science	1463812	249.83990442054957
Green roof	1370152	167.76686665850374
Environmental policy of the first Donald Trump administration	106034	34.24870801033592
Petroleum industry in Nigeria	1267522	177.5738302045391
Climate change feedbacks	185256	32.91684434968017
Maumoon Abdul Gayoom	450122	56.09695912263211
James Hansen	908297	118.85592776760011
Afforestation	1629523	221.7641535111595
Flood management	74297	12.304902285525008
Expansion of Heathrow Airport	663695	110.21172367984059
Tropical forest	680209	87.27341544778034
2024 California wildfires	275246	553.8148893360161
Speleothem	564929	71.60970972239828
Climatology	1120766	135.162325132658
Radiative forcing	1034210	132.218102787011
Central heating	1331988	173.50371238765143
Electrification	920513	118.31786632390745
Green economy	1103169	145.09654083914245
Rural development	1727622	254.51119622863877
Grid energy storage	1202437	162.14091154261058
Electric energy consumption	1004280	145.02238267148013
Sustainable Development Goal 13	454148	248.4398249452954
Precautionary principle	1402340	165.35078410564793
Marine isotope stages	199652	27.364583333333332
Climate change adaptation	831796	118.11928429423459
2023 United Nations Climate Change Conference	733620	549.5280898876405
Animal feed	1189623	153.67820695000646
Polar climate	1071042	126.24257425742574
IPCC Sixth Assessment Report	375095	223.13801308744794
Before the Flood (film)	1653887	512.197894084856
Climate fiction	535970	120.6053105310531
Global cooling	1377568	172.06694978765927
Wide area synchronous grid	292854	48.30979874628835
Plug-in electric vehicle	1094296	187.89423076923077
2024 Indian heat wave	83626	206.48395061728394
False balance	709960	98.11498065229408
Earth's energy budget	1098690	144.14720545788506
Home construction	473130	67.1868787276342
Trawling	752748	94.67337441831216
American War (novel)	309548	105.50374914792093
Copernicus Programme	520979	75.86704528906364
European Union Emissions Trading System	345852	47.4615067929189
Waste-to-energy	1362642	193.39227930740847
Bramble Cay melomys	450475	68.47165222678218
Mohamed Nasheed	802126	110.12163646348161
Societal effects of cars	28342	3.5423072115985503
Land degradation	1692883	226.5332530442928
Coal in India	577713	92.89483839845634
Infest the Rats' Nest	514890	232.45598194130926
Automotive air conditioning	173869	34.95556895858464
Judith Curry	1061075	189.44384931262275
Natural hydrogen	179683	142.15427215189874
350.org	938551	160.24432303226908
Green Climate Fund	835812	168.51048387096773
Electrofuel	442484	89.86271324126726
Zero-energy building	1427967	201.7757524374735
Illegal logging	665687	85.0935702415953
Thwaites Glacier	732545	101.39031141868512
Shale gas	1344594	204.71894031668697
Hockey stick graph (global temperature)	205314	29.397766323024054
Energy industry	1026725	142.4226661118047
Phoebe Plummer	67976	235.21107266435988
Rewilding	108402	14.817113176599234
Land use	1501399	178.0385390726906
Electric utility	762904	105.63611188036555
EU Carbon Border Adjustment Mechanism	53657	30.02630106323447
Agricultural subsidy	1060561	129.17917174177833
Economics of nuclear power plants	771304	115.86360222322368
Direct air capture	475508	197.30622406639003
Randy Weber	368996	78.06134969325153
Maunder Minimum	1131070	132.04179313565257
Gas-fired power plant	371559	56.605575868372945
1808 mystery eruption	241459	62.42476732161324
Alkalinity	1326417	177.44709030100336
Paul Kingsnorth	313904	46.956469708302166
Alternative fuel vehicle	904803	126.28094905792045
The Earth Institute	192371	26.85620550048862
Forest management	684201	99.97092343658679
1452/1453 mystery eruption	145838	118.56747967479674
National Iranian Oil Company	640290	87.25674570727719
Breakthrough Energy	234486	66.72908366533865
Shemara Wikramanayake	346187	136.02632612966602
Efficient energy use	1883031	285.5673339399454
Overconsumption (economics)	109890	13.44384634206019
Carbon dioxide removal	1105324	183.4258214404248
Carbon dioxide scrubber	994673	151.81211843711844
Environmental racism	1125794	148.0528669121515
Bioenergy	744013	100.52871233617078
Paleoclimatology	956447	112.86842105263158
How to Blow Up a Pipeline	364817	235.66989664082686
Coal in China	658425	102.41483901073262
Cloud seeding in the United Arab Emirates	657445	334.7479633401222
Temperature record of the last 2,000 years	320602	40.20087774294671
2022 European heatwaves	87380	79.94510521500457
Climate change in South Africa	281984	156.22382271468143
Wood industry	474730	137.0863413225527
Reforestation	1182641	141.1097721035676
Editorial board at The Wall Street Journal	58813	54.76070763500931
The Windup Girl	633694	112.11854210898797
Climatic Research Unit email controversy	3618293	633.3437773499037
Central Organisation for Railway Electrification	362852	55.27909811090798
Milutin Milanković	507031	61.31708791873262
2022–2023 California floods	361662	392.2581344902386
Sustainable Development Goal 14	337208	184.46827133479212
2015 United Nations Climate Change Conference	2543877	608.2919655667145
Proton exchange membrane electrolysis	154996	34.877587758775874
Retreat of glaciers since 1850	867331	121.67943322109988
Low-carbon economy	770816	114.12733195143619
John Tyndall	710795	88.31945825049702
Carbon Disclosure Project	590759	86.53273765929399
Carbonate–silicate cycle	300134	49.7982412477186
Furnace (central heating)	224080	27.736105953707142
Amine gas treating	738017	100.31493815413891
American Petroleum Institute	628769	84.89994598973804
Coal liquefaction	554055	75.42267900898449
Energy development	1268789	162.91589625064202
Solar water heating	2010465	258.14907550077044
Fossil fuel power station	1021010	137.25097459335933
Kigali Amendment	219438	112.47462839569451
Andreas Malm	224783	136.7293187347932
Gas stove	1077105	144.42276749798873
Speeches of Greta Thunberg	285772	135.37280909521553
Steam cracking	328330	163.42956694873072
Eunice Newton Foote	660070	191.26919733410605
Polar ice cap	1093136	144.6329716856311
Cross-laminated timber	568152	89.79800853485064
Miscanthus × giganteus	147466	21.686176470588236
John Clauser	532821	96.50806013403368
Impact of the COVID-19 pandemic on the environment	991787	516.2868297761582
Hydrofluorocarbon	563837	73.61757409583497
Atmospheric science	329616	40.06515133098335
Climate change in India	385538	181.94336951392165
Air source heat pump	477722	69.14488348530902
Mark Kennedy (police officer)	309158	58.34270617097565
Energy transition	650798	145.82074837553216
Stumpy (tree)	16468	37.42727272727273
Merchants of Doubt	600765	109.5686667882546
Tree plantation	278239	191.36107290233838
Sea surface temperature	952774	124.72496400052363
Coastal erosion	1071030	129.47654738878143
Michael E. Mann	835419	105.2562681113771
Tropical disease	700454	91.64647389768416
Sustainable tourism	1296396	182.77118285633725
Extractivism	193503	62.581824062095734
Team Trees	1210732	579.852490421456
List of countries by greenhouse gas emissions per capita	716559	109.7333843797856
Environmental impact of aviation	1221285	176.69053819444446
Xiuhtezcatl Martinez	587540	177.7730711043873
Roman Warm Period	450232	88.0218963831867
REDD and REDD+	95374	119.96729559748428
Retrofitting	734415	105.38312526904865
Solar power in the United States	966077	151.54149019607843
Desert greening	546494	96.01089248067463
Sponge city	196190	91.20874012087401
Official development assistance	840690	111.97256259989345
Urban green space	287425	47.429867986798676
C40 Cities Climate Leadership Group	562252	81.23854934258055
Atmospheric methane	949045	161.29248810333107
Conference of the parties	589006	137.23345759552657
Sustainable transport	854695	112.44507301670832
Willow project	659013	765.404181184669
Causes of climate change	137285	16.002447837743325
Phenology	605877	77.80621548735071
2023–2025 global coral bleaching event	11633	143.6172839506173
Sherry Rehman	432422	59.83423273834233
Agrochemical	618769	82.78953706181429
Arctic sea ice decline	600657	139.49303297724106
Climate of Norway	173956	28.175574991901524
Next Generation EU	403746	216.36977491961414
Seaweed farming	593258	106.77789776817855
Building insulation	839649	121.98881301757955
Electric power industry	822868	98.53526523769608
2021 Western North America heat wave	713516	482.4313725490196
Anthropogenic hazard	1210698	163.3429573664328
Tree planting	1460560	181.2334036480953
Cowspiracy	1569911	399.4684478371501
Petroleum industry in Russia	648244	97.1006590772918
Passive cooling	686864	99.12887862606436
Climate justice	607779	94.17090176634645
Sunrise Movement	436994	181.4005811540058
Coal pollution mitigation	291516	40.05991480005497
Keeling Curve	604312	80.88769910319904
Naomi Oreskes	337130	48.619844245745604
Environmental impact of concrete	923542	187.2550689375507
Sustainable Development Goal 7	307883	168.4261487964989
Holocene climatic optimum	482682	64.8940575423501
Climate of Sweden	172152	30.292451170156607
Coal gasification	769176	102.69372496662216
Environmental impact of agriculture	1443454	246.7442735042735
Effects of climate change on human health	358145	76.5267094017094
Ecological restoration	127579	17.27542315504401
Clear-air turbulence	725574	98.85204359673024
Emission standard	649413	84.0011641443539
Cold chain	1061669	145.99408690869086
Net metering	1051020	137.13726513569938
Solar thermal collector	1114090	145.04491602655904
Naomi Seibt	339267	172.47941026944585
2022–2023 global food crises	11101	9.258548790658882
Bottom trawling	477941	63.370591355078226
Heat recovery steam generator	572864	78.10006816632584
Public transportation in the United States	256544	43.18195589968019
James Spann	320145	47.42888888888889
Environmental impact of bitcoin	88879	70.6510333863275
Coal power in the United States	607908	93.95795981452859
Science Based Targets initiative	180063	133.97544642857142
Climate change in the Maldives	154476	142.63711911357342
Cloud feedback	282104	33.18089861209127
Ice–albedo feedback	387426	64.571
Artificial photosynthesis	935810	125.2087235750602
Δ13C	411313	65.81008
Nationally determined contribution	141991	37.70339883165162
Coal in Australia	572647	84.93725897359833
Disaster risk reduction	734944	109.88995215311004
Stern Review	398151	58.285902503293805
Great Frost of 1709	516804	86.134
Greenhouse Gas Pollution Pricing Act	56079	25.583485401459853
Pollutant	1090191	126.01907293954456
For Those That Wish to Exist	352947	204.48841251448437
Last Generation (climate movement)	109625	118.13038793103448
Coastal GasLink pipeline	25104	12.67878787878788
Zeolitic imidazolate framework	255364	40.17684078036501
Michael C. Burgess	432960	56.84873949579832
Climate system	390887	56.08939589611135
Mario Molina	2887706	370.07638087914904
Feed-in tariff	1058550	161.5613553113553
Climate model	525780	61.841919548341565
Climate Clock	243257	122.11696787148594
Dansgaard–Oeschger event	321860	41.94162105811832
Woodhouse Colliery	65311	25.512109375
Seagrass meadow	198644	28.16846284741917
2020 California wildfires	1230165	612.3270283723245
Economic analysis of climate change	78362	10.81302607975714
Transport in the United Kingdom	509571	57.84006810442679
James Croll	139833	17.684709750853674
Climate change in the United States	652959	104.96045651824465
Walkability	421529	63.98436551305404
Niskanen Center	250418	71.65035765379113
Groundwater recharge	1127612	162.5972602739726
Climate of Asia	666422	126.64804256936526
Politics of climate change	245816	33.67342465753425
Planet of the Humans	670643	314.413033286451
U.S. Special Presidential Envoy for Climate	309267	182.89000591366056
Natura 2000	397336	47.77970177970178
Climate of the Falkland Islands	331652	59.649640287769785
Climate of Nigeria	162269	149.55668202764977
Climate of Indonesia	408193	65.24824168797954
Flight Behavior	216272	49.32086659064994
Forest Landscape Integrity Index	322090	192.75284260921603
Individual action on climate change	432474	82.72264728385616
United States vehicle emission standards	196695	30.214285714285715
Shale gas in the United States	476982	83.06896551724138
Green Belt Movement	402621	53.10221577420206
The Classic Symptoms of a Broken Spirit	135188	123.34671532846716
Copenhagen climate summit	20481	3.2192706696007547
Oil reserves	1758641	239.8255829810446
Environmental impacts of animal agriculture	143748	22.569948186528496
California Air Resources Board	640485	81.47627528304287
Ice shelf	449167	56.57015113350126
Alkaline water electrolysis	377249	85.33114679936666
2021 European floods	684050	468.527397260274
Carbon price	450354	67.82439759036144
Wladimir Köppen	292268	37.41748815772628
Environment and Climate Change Canada	308715	38.44041837878222
Rodney Frelinghuysen	433828	56.48802083333333
Climate change in Australia	551511	85.55864101768539
Electricity market	751103	92.5459586002957
Marine protected area	490566	66.65298913043478
Cycling infrastructure	429939	85.71351674641149
Alliance of Small Island States	266478	36.359394187474415
Warming stripes	283907	128.58106884057972
Solid fuel	601982	77.24650327216733
Nuclear Now	138504	154.23608017817372
Rooftop solar power	190079	37.21202036021926
Louise Mabulo	38263	22.994591346153847
Friends of the Earth	741478	86.98709526044111
Tim Flannery	442822	60.14968758489541
Emissions trading	1583794	184.93624474544606
Marine cloud brightening	203837	33.775807787903894
ExxonMobil climate change denial	113865	32.833044982698965
Biological pump	397856	49.270092879256964
Extinction symbol	291483	126.18311688311688
100-year flood	594441	71.02043010752688
Environmental impact of shipping	579451	99.10227467077134
Green computing	1084094	146.2620075553157
Cryosphere	554413	65.20971536109151
Enhanced oil recovery	833334	118.00254885301614
Severn Cullis-Suzuki	769081	104.97966147966147
Single-cell protein	762993	119.14319175515303
Climate of Istanbul	87042	101.5659276546091
Solar updraft tower	569046	69.96753965326448
Temperature gradient	548713	73.45555555555555
Energy in India	425636	65.85734179173758
Droughts in California	605539	163.61496892731694
Extinction risk from climate change	216080	32.026085667704166
Fire ecology	748725	101.75659146507203
30 by 30	176988	130.3298969072165
Ethanol fuel in Brazil	616555	86.1953026702083
Ocean temperature	179222	34.76663433559651
Willie Soon	285687	37.45732266946375
Black carbon	637022	89.55743005764094
Dunkelflaute	150668	87.24261725535611
Goyder's Line	224937	30.095932566229596
Energiewende	294067	62.86169303120992
Oil well fire	410253	59.36232093763565
Climate change in the Arctic	538313	82.69016897081413
Life-cycle greenhouse gas emissions of energy sources	245748	44.08826695371367
Allan Savory	537415	79.25306002064592
List of Sustainable Development Goal targets and indicators	234197	129.89295618413755
Stormwater	746208	91.36867882943554
Coalbed methane	528179	68.80914538822303
Gasoline and diesel usage and pricing	1037640	152.37004405286345
2022 United Nations Climate Change Conference	663850	356.14270386266094
2025 India–Pakistan heat wave	28123	327.01162790697674
Climate change in Antarctica	159431	43.19452722839339
Growing degree-day	491394	65.09391972446682
Arctic ice pack	364586	53.869089834515364
Δ18O	360003	51.509944198025465
Floating solar	282054	96.32991803278688
Union of Concerned Scientists	444423	56.940807174887894
Climate movement	305298	79.3393970893971
International Day of Peace	1103867	151.9431520991053
Science policy of the second Donald Trump administration	13805	146.86170212765958
Hydrogen infrastructure	112329	17.56238273921201
Minister of Environment and Climate Change	105781	13.403573238722757
Cement kiln	549049	80.03629737609329
Health and environmental effects of transport	13617	2.3918847707711226
Methane emissions	366667	121.93781177253076
Nicholas Stern, Baron Stern of Brentford	276255	37.21608514077866
Alternative fuel	1088584	140.5531310522918
Fossil fuel phase-out	477583	72.92456863643304
2040 (film)	207315	97.83624351109013
David Attenborough: A Life on Our Planet	365430	191.82677165354332
Effects of climate change on oceans	194496	40.511560091647574
Heating system	273710	38.63777526821005
Solar power in Australia	572893	85.11261328183033
Metal–air electrochemical cell	331089	57.54066736183525
Self-immolation of Wynn Bruce	339380	288.58843537414964
Carbon accounting	393734	56.376575028636886
North African climate cycles	240880	48.320962888665996
Soil organic matter	702061	107.69458505905814
Lamar Smith	291221	38.24307288246881
Climate of Peru	479117	69.26658956194882
Green infrastructure	480162	71.69807376437211
New York 2140	277888	92.87700534759358
Low-emission zone	244917	34.88349238000285
Global Forecast System	461347	64.16509040333797
Fred Singer	415656	48.422180801491145
Azolla event	394981	60.95385802469136
Early warning system	342949	47.29678665011723
Carmichael coal mine	695112	173.82145536384095
Luisa Neubauer	449227	194.21833117163857
Variable renewable energy	1220671	248.6091649694501
1458 mystery eruption	59946	23.065025009619085
List of locations and entities by greenhouse gas emissions	38154	15.009441384736428
Ground-level ozone	171860	21.1728471110016
Bełchatów Power Station	274185	37.1978021978022
Natural gas in the United States	328907	91.56653674832963
North Atlantic oscillation	472438	59.55351065170805
Condensing boiler	624837	88.36614340263046
List of climate change controversies	50172	5.846870994056637
Meramec River	212498	26.742763654669016
2019 Amazon rainforest wildfires	1266512	588.2545285647933
La Niña	2915235	349.04633620689657
Richard Lindzen	619941	75.71336101612115
Cadmium telluride photovoltaics	370241	60.48701192615586
Climate change in China	451364	72.77716865527249
General circulation model	380671	46.27093715813784
Energy in Indonesia	304803	58.796875
Zero-emissions vehicle	454246	59.00064943499156
Climate of Colombia	401837	61.499387817569634
David J. C. MacKay	377827	52.17163766915217
Paul Hudson	421799	57.41886741083583
Syukuro Manabe	324661	47.65316307060032
Katharine Hayhoe	260632	60.247803975959314
Plastics industry	426581	64.25380328362705
Greenhouse gas emissions from agriculture	172709	79.88390379278447
Green bond	121076	21.80763688760807
Clathrate gun hypothesis	1377383	196.60048529831573
Nuclear power debate	634987	103.18280792980175
ActionAid	366426	48.46904761904762
2019 European heatwaves	22093	10.12975699220541
Diesel emissions scandal	337818	111.60158572844401
Ulrich Beck	409138	50.95752895752896
Clean technology	684105	97.39535876993166
Water security	592981	98.50182724252491
Deforestation in Brazil	690259	107.19972045348656
Passive daytime radiative cooling	132854	130.12144955925564
Power-to-X	312989	93.12377268670039
The Energy and Resources Institute	559932	94.93591047812818
Tonne of oil equivalent	592442	77.68712300026226
Traditional ecological knowledge	354780	59.149716572190734
Climate crisis	424442	68.06318152661963
Water in California	787174	130.0469188831984
Desertec	672486	104.61823273179839
Task Force on Climate-related Financial Disclosures	43080	29.326072157930565
Environmental impact of wind power	703164	113.98346571567515
Friederike Otto	63973	35.461751662971174
West Antarctic Ice Sheet	302131	39.71749704219798
Sustainable finance	131464	76.9695550351288
Build Back Better World	240066	161.11812080536913
This Changes Everything (book)	188832	48.03663190027983
East African Crude Oil Pipeline	148575	43.44298245614035
Geothermal heating	619453	82.3302764486975
1997–98 El Niño event	235130	64.5252469813392
Nature-based solutions	323623	103.42697347395334
Deforestation and climate change	492463	125.18124046771733
Wind power in China	396522	61.267305315203956
Ethanol fuel by country	281435	55.67457962413452
Carbon neutrality	1458696	183.96973136587212
John Coleman (meteorologist)	384932	55.892551183388996
European super grid	185658	31.40889866350871
Agricultural policy	696399	84.82326431181485
Environmental issues in the Philippines	1451470	205.18377155781735
Urban forest	360465	50.87002540220153
List of active natural gas power stations in the United Kingdom	32029	15.58588807785888
Transition town	300003	47.702814437907456
Energy in Iran	270265	40.52556605188184
Boreal ecosystem	299866	44.70940808110929
Southwestern North American megadrought	132914	107.27522195318805
Food system	224705	37.04946413849959
Climate change and civilizational collapse	61407	94.76388888888889
Future-proof	156323	21.156178102584924
Charles Derber	67086	10.400930232558139
Sentinel-3	249981	40.01616776052505
Indian Ocean Dipole	655005	97.02340394015701
Goddard Institute for Space Studies	235814	31.320759729047683
Gina McCarthy	841002	185.8978779840849
2025 in climate change	36965	199.8108108108108
The Great Derangement: Climate Change and the Unthinkable	112513	35.403713027061045
Russia in the European energy sector	532086	92.45629887054736
Climate change in Africa	416738	84.46250506688285
Gas leak	430398	58.4859355890746
Future generations	190857	49.88421327757449
Orange Skies Day	81844	97.20190023752969
Land management	416121	55.06431123461691
Tuoketuo Power Station	143674	27.450133740924723
National Center for Public Policy Research	123255	16.89118815951761
Emission intensity	419808	56.8306484364424
Climate of Ecuador	410204	65.49640747245729
Penultimate Glacial Period	76899	31.234362307067425
Outgoing longwave radiation	325808	47.31455126343305
Renewable natural gas	344734	48.877640720260885
Jharia coalfield	233262	53.32921810699588
Renewable energy in Australia	438432	65.61388805746782
Negawatt market	183127	25.434305555555557
EU taxonomy for sustainable activities	154527	99.05576923076923
The Great Global Warming Swindle	479271	71.46898300029824
Xiye Bastida	135210	63.89886578449905
Climate change in Bangladesh	403085	81.38199071269938
List of wind farms in the United States	364031	58.16120786068062
Climate migration	49357	31.946278317152103
Wildfires in the United States	241079	84.26389374344635
Gold Standard (carbon offset standard)	118143	17.487122557726465
Bioenergy with carbon capture and storage	178603	29.881713234063913
Biomass briquettes	388878	63.28364524003255
Rights of nature	186915	58.15650280024891
100% renewable energy	667580	107.22454224221009
Carbon pricing in Australia	354364	74.16575973210549
Climate action	93382	14.643562803826251
Environmental activism of Al Gore	285016	44.990686661404894
Carbon-neutral fuel	537706	114.50298126064736
Cellulosic ethanol	608093	81.21984773607586
Fossil fuel subsidies	155346	39.82209689823122
Electricity pricing	1186142	189.0868802805675
Fuel tax	693789	87.62174791614044
Climate of Puerto Rico	726905	105.62409183376926
Lavanya Rajamani	31025	12.540420371867421
Technological fix	219740	32.91491911324146
Massachusetts v. EPA	83902	12.060083369268362
National Center for Atmospheric Research	249019	35.10276289822385
Environmental impact of the Russian invasion of Ukraine	90375	76.20151770657672
Perusahaan Listrik Negara	596130	88.5648492051701
Pacific decadal oscillation	374272	49.79670037253858
Climate change in Europe	256102	51.405459654757124
History of the lithium-ion battery	134870	99.75591715976331
Dispatchable generation	284399	41.903491969942536
Climate change policy of the United States	470997	82.79082439796098
Climate sensitivity	444720	60.17861975642761
Northern European Enclosure Dam	200359	101.24254674077817
International Day of Forests	411203	77.70275888133031
Climate finance	162887	33.68217535153019
Licypriya Kangujam	302544	144.20591039084843
Juliana v. United States	293496	107.03719912472647
Waste heat	478033	68.30018574082011
Enhanced weathering	185897	32.647874956094135
Trident Seafoods	271027	40.63982606087869
Energy policy of the United Kingdom	316851	45.355138849126824
Coal phase-out	110263	20.179904831625183
Saltwater intrusion	478014	63.54034294829191
Sustainable food system	233803	35.749694189602444
Seven generation sustainability	305464	38.466691852411536
Energy system	356277	111.79071226859115
Energy policy of the European Union	330236	48.85870690930611
Just transition	101786	17.65585429314831
Climate of Myanmar	144742	57.96635963155787
Steven E. Koonin	395110	66.99050525601899
Planetary health diet	102171	43.51405451448041
Fatih Birol	201617	31.50265625
Secretary of State for Energy Security and Net Zero	69046	77.84216459977452
ARPA-E	249182	41.648336954704995
Hybrid power	202812	29.457080610021787
Potential evapotranspiration	68385	8.792105939830291
List of climate scientists	337429	55.930548649096636
Climate change vulnerability	188670	113.6566265060241
Eco-anxiety	154777	67.41158536585365
Eco-economic decoupling	256966	52.49560776302349
Building-integrated photovoltaics	425367	63.32693166592229
Meltwater	274730	40.04810495626822
Climate apocalypse	330143	154.63372365339578
Renewable energy in Germany	652773	96.9656862745098
List of international environmental agreements	1016351	117.29382573571841
Climate resilience	368333	90.12307315879619
Concrete recycling	406593	56.80259849119866
Marinoan glaciation	124267	20.700816258537397
CO2 Coalition	149708	59.10303987366759
Energy Charter Treaty	270414	37.78314936425877
Energy security	535492	79.6744532063681
Coastal flooding	270263	51.983650702058085
Helena Gualinga	89663	44.06044226044226
Climate of Ethiopia	103783	102.04818092428712
Natural gas prices	654762	93.45732229517556
2010s oil glut	271206	77.84328358208955
RMI (energy organization)	82587	10.728371005455962
Health and environmental effects of battery electric cars	81893	26.947351102336295
Energy policy of China	384859	58.18853946174781
Landfill gas	536388	72.97795918367346
Coal power in China	83738	15.965300285986654
British Coal	150904	20.550728585046983
British Columbia carbon tax	163200	37.812789620018535
Anjali Appadurai	18615	22.187127532777115
Land use, land-use change, and forestry	241517	34.04524950662532
Lewis Fry Richardson	261110	33.25394803871625
Energy crop	337461	48.47184717035335
Climate change scenario	183986	33.264509130356174
2019 mass invasion of Russian polar bears	124630	53.215200683176775
Common But Differentiated Responsibilities	184356	57.32462686567164
Enhanced geothermal system	263007	40.26439069197796
Energy policy of India	1020825	151.03195739014646
Fossil fuels lobby	270943	40.946501435695936
Palm oil production in Indonesia	400095	92.76489682355668
Blue carbon	313310	66.8465969703435
Intergenerational equity	320085	47.38490007401924
California Coastal Commission	203399	28.842739648326717
Clean Development Mechanism	729651	99.719967199672
Energy in Vietnam	160599	25.419278252611587
Live Earth (2007 concert)	260686	42.46391920508226
Charles David Keeling	263484	35.96560196560196
Peace Boat	168960	28.12250332889481
Years of Living Dangerously	501586	117.52249297094657
Rajendra K. Pachauri	523727	65.06733755746055
Ocean heat content	250111	38.37235348266339
Abrupt climate change	329137	45.06873887443516
Health and environmental impact of the petroleum industry	70221	12.040637860082304
Power-to-gas	357027	79.74692874692875
Social cost of carbon	173697	26.068887888338587
Renewable energy commercialization	526472	78.83677747828692
Declaration of the United Nations Conference on the Human Environment	183271	29.021536025336502
Ocean colonization	258406	48.79267371601208
Carbon farming	184360	69.99240698557327
Bord na Móna	188816	24.413757434703903
Marcia McNutt	232673	34.45476084703095
Flight shame	133443	60.32685352622062
Merchants of Doubt (film)	258861	68.55429025423729
Animal Rising	36438	17.384541984732824
DonorsTrust	13160	2.6038781163434903
Effects of climate change on small island countries	92431	26.987153284671532
Climate change in the Middle East and North Africa	165794	83.69207470974256
Line 3 pipeline	89734	34.64633204633205
History of gasoline	18966	71.8409090909091
The Age of Stupid	278338	45.243498049414825
Mac Thornberry	385893	50.30543605788033
Environmental policy of the Joe Biden administration	202969	124.1400611620795
Climate change in Pakistan	302420	73.0306689205506
Sendai Framework for Disaster Risk Reduction	305791	87.99741007194244
Multi-level governance	274323	38.76261127596439
Climate of Estonia	233038	39.652543814871535
Greenhouse gas emissions by China	205955	97.2403210576015
Iron fertilization	480960	67.90343074968234
Vanessa Nakate	175950	88.10716074111167
Ecological resilience	362696	55.670913277052954
Ghost forest	124726	41.78425460636516
Building insulation material	87195	12.900577008433201
Tidal marsh	189149	25.69261070361315
Wind power in Australia	276590	41.01275207591934
Asparagopsis taxiformis	191416	34.32855093256815
Drylands	228469	44.47518006618649
Petroleum transport	307185	47.47836166924266
Tropical cyclones and climate change	411252	75.84876429361859
Infrared window	325960	43.94176327851173
Oceanic carbon cycle	281604	59.04885720276788
Capitalocene	40161	54.64081632653061
